Method,Job,AnalyzeLaunchVariance,EvaluateOverhead,MaxAbsoluteError,MaxRelativeError,MinInvokeCount,MinIterationTime,OutlierMode,Affinity,EnvironmentVariables,Jit,Platform,Runtime,AllowVeryLargeObjects,Concurrent,CpuGroups,Force,HeapAffinitizeMask,HeapCount,NoAffinitize,RetainVm,Server,Arguments,BuildConfiguration,Clock,EngineFactory,NuGetReferences,Toolchain,IsMutator,InvocationCount,IterationCount,IterationTime,LaunchCount,MaxIterationCount,MaxWarmupIterationCount,MinIterationCount,MinWarmupIterationCount,RunStrategy,UnrollFactor,WarmupCount,MisAlignment,Mean,Error,StdDev,Ratio,RatioSD
WriteAs2Vector256,Default,False,Default,Default,Default,Default,Default,Default,11,Empty,RyuJit,X64,Core,False,True,False,True,Default,Default,False,False,False,Default,Default,Default,Default,Default,Default,Default,1,Default,Default,Default,Default,Default,Default,Default,Default,16,Default,0,1.621 us,0.0026 us,0.0023 us,1.00,0.00
WriteAs4Vector128UnpackAsVector256,Default,False,Default,Default,Default,Default,Default,Default,11,Empty,RyuJit,X64,Core,False,True,False,True,Default,Default,False,False,False,Default,Default,Default,Default,Default,Default,Default,1,Default,Default,Default,Default,Default,Default,Default,Default,16,Default,0,1.987 us,0.0149 us,0.0116 us,1.23,0.01
WriteAs4Vector128,Default,False,Default,Default,Default,Default,Default,Default,11,Empty,RyuJit,X64,Core,False,True,False,True,Default,Default,False,False,False,Default,Default,Default,Default,Default,Default,Default,1,Default,Default,Default,Default,Default,Default,Default,Default,16,Default,0,1.955 us,0.0204 us,0.0191 us,1.20,0.01
WriteAs2Vector256,Default,False,Default,Default,Default,Default,Default,Default,11,Empty,RyuJit,X64,Core,False,True,False,True,Default,Default,False,False,False,Default,Default,Default,Default,Default,Default,Default,1,Default,Default,Default,Default,Default,Default,Default,Default,16,Default,3,1.966 us,0.0058 us,0.0055 us,1.00,0.00
WriteAs4Vector128UnpackAsVector256,Default,False,Default,Default,Default,Default,Default,Default,11,Empty,RyuJit,X64,Core,False,True,False,True,Default,Default,False,False,False,Default,Default,Default,Default,Default,Default,Default,1,Default,Default,Default,Default,Default,Default,Default,Default,16,Default,3,2.733 us,0.0223 us,0.0197 us,1.39,0.01
WriteAs4Vector128,Default,False,Default,Default,Default,Default,Default,Default,11,Empty,RyuJit,X64,Core,False,True,False,True,Default,Default,False,False,False,Default,Default,Default,Default,Default,Default,Default,1,Default,Default,Default,Default,Default,Default,Default,Default,16,Default,3,2.739 us,0.0108 us,0.0095 us,1.39,0.01
WriteAs2Vector256,Default,False,Default,Default,Default,Default,Default,Default,11,Empty,RyuJit,X64,Core,False,True,False,True,Default,Default,False,False,False,Default,Default,Default,Default,Default,Default,Default,1,Default,Default,Default,Default,Default,Default,Default,Default,16,Default,15,1.984 us,0.0218 us,0.0204 us,1.00,0.00
WriteAs4Vector128UnpackAsVector256,Default,False,Default,Default,Default,Default,Default,Default,11,Empty,RyuJit,X64,Core,False,True,False,True,Default,Default,False,False,False,Default,Default,Default,Default,Default,Default,Default,1,Default,Default,Default,Default,Default,Default,Default,Default,16,Default,15,2.738 us,0.0460 us,0.0430 us,1.38,0.02
WriteAs4Vector128,Default,False,Default,Default,Default,Default,Default,Default,11,Empty,RyuJit,X64,Core,False,True,False,True,Default,Default,False,False,False,Default,Default,Default,Default,Default,Default,Default,1,Default,Default,Default,Default,Default,Default,Default,Default,16,Default,15,2.701 us,0.0137 us,0.0128 us,1.36,0.01
